{
  "env_name": "python_tetris",
  "timestamp": "2025-11-30T11:16:35.401156",
  "summary": {
    "env_name": "python_tetris",
    "total_episodes": 100,
    "total_timesteps": 107381,
    "training_duration_seconds": null,
    "rewards": {
      "mean": -489.43,
      "std": 1.3583445807305303,
      "min": -492.0,
      "max": -486.0,
      "final_10_mean": -489.3
    },
    "lengths": {
      "mean": 1073.81,
      "std": 518.1785540718566,
      "min": 351,
      "max": 2809
    },
    "scores": {
      "mean": 0.0,
      "max": 0.0
    }
  },
  "episode_data": {
    "rewards": [
      -492,
      -489,
      -490,
      -489,
      -490,
      -490,
      -492,
      -488,
      -489,
      -490,
      -489,
      -490,
      -489,
      -489,
      -490,
      -490,
      -488,
      -489,
      -489,
      -488,
      -489,
      -486,
      -488,
      -488,
      -489,
      -491,
      -492,
      -489,
      -488,
      -489,
      -489,
      -489,
      -491,
      -491,
      -491,
      -488,
      -486,
      -489,
      -491,
      -490,
      -488,
      -489,
      -492,
      -489,
      -489,
      -487,
      -488,
      -491,
      -490,
      -490,
      -488,
      -487,
      -491,
      -491,
      -489,
      -489,
      -491,
      -487,
      -489,
      -487,
      -488,
      -488,
      -490,
      -491,
      -489,
      -490,
      -491,
      -490,
      -490,
      -490,
      -489,
      -491,
      -489,
      -489,
      -490,
      -488,
      -492,
      -490,
      -489,
      -488,
      -490,
      -491,
      -491,
      -489,
      -489,
      -492,
      -491,
      -492,
      -490,
      -487,
      -488,
      -490,
      -488,
      -489,
      -491,
      -489,
      -490,
      -490,
      -489,
      -489
    ],
    "lengths": [
      1598,
      909,
      588,
      486,
      1152,
      1425,
      995,
      518,
      351,
      811,
      1372,
      1020,
      1464,
      397,
      1736,
      1099,
      557,
      563,
      600,
      1002,
      1138,
      1078,
      2259,
      672,
      791,
      1871,
      500,
      475,
      1255,
      708,
      619,
      583,
      892,
      2126,
      1546,
      586,
      931,
      723,
      963,
      857,
      601,
      726,
      911,
      1353,
      945,
      1005,
      518,
      675,
      1049,
      2498,
      786,
      810,
      1009,
      714,
      542,
      636,
      638,
      920,
      887,
      1635,
      1178,
      558,
      1721,
      771,
      1643,
      1534,
      722,
      452,
      1274,
      781,
      1569,
      1262,
      2300,
      1166,
      1292,
      764,
      1853,
      2151,
      714,
      486,
      856,
      1029,
      694,
      1359,
      1786,
      743,
      614,
      1496,
      1556,
      1618,
      509,
      721,
      1726,
      1890,
      1040,
      632,
      1299,
      904,
      1835,
      2809
    ],
    "scores": [
      0,
      0,
      0,
      0,
      0,
      0,
      0,
      0,
      0,
      0,
      0,
      0,
      0,
      0,
      0,
      0,
      0,
      0,
      0,
      0,
      0,
      0,
      0,
      0,
      0,
      0,
      0,
      0,
      0,
      0,
      0,
      0,
      0,
      0,
      0,
      0,
      0,
      0,
      0,
      0,
      0,
      0,
      0,
      0,
      0,
      0,
      0,
      0,
      0,
      0,
      0,
      0,
      0,
      0,
      0,
      0,
      0,
      0,
      0,
      0,
      0,
      0,
      0,
      0,
      0,
      0,
      0,
      0,
      0,
      0,
      0,
      0,
      0,
      0,
      0,
      0,
      0,
      0,
      0,
      0,
      0,
      0,
      0,
      0,
      0,
      0,
      0,
      0,
      0,
      0,
      0,
      0,
      0,
      0,
      0,
      0,
      0,
      0,
      0,
      0
    ],
    "timesteps": [
      1598,
      2507,
      3095,
      3581,
      4733,
      6158,
      7153,
      7671,
      8022,
      8833,
      10205,
      11225,
      12689,
      13086,
      14822,
      15921,
      16478,
      17041,
      17641,
      18643,
      19781,
      20859,
      23118,
      23790,
      24581,
      26452,
      26952,
      27427,
      28682,
      29390,
      30009,
      30592,
      31484,
      33610,
      35156,
      35742,
      36673,
      37396,
      38359,
      39216,
      39817,
      40543,
      41454,
      42807,
      43752,
      44757,
      45275,
      45950,
      46999,
      49497,
      50283,
      51093,
      52102,
      52816,
      53358,
      53994,
      54632,
      55552,
      56439,
      58074,
      59252,
      59810,
      61531,
      62302,
      63945,
      65479,
      66201,
      66653,
      67927,
      68708,
      70277,
      71539,
      73839,
      75005,
      76297,
      77061,
      78914,
      81065,
      81779,
      82265,
      83121,
      84150,
      84844,
      86203,
      87989,
      88732,
      89346,
      90842,
      92398,
      94016,
      94525,
      95246,
      96972,
      98862,
      99902,
      100534,
      101833,
      102737,
      104572,
      107381
    ]
  }
}