{
  "env_name": "snake_pygame_v1",
  "timestamp": "2025-11-30T03:13:38.792667",
  "summary": {
    "env_name": "snake_pygame_v1",
    "total_episodes": 100,
    "total_timesteps": 68403,
    "training_duration_seconds": null,
    "rewards": {
      "mean": 9.828000000000005,
      "std": 13.202000454476579,
      "min": -11.6,
      "max": 86.19999999999956,
      "final_10_mean": 14.800000000000017
    },
    "lengths": {
      "mean": 684.03,
      "std": 431.25573515027014,
      "min": 18,
      "max": 1000
    },
    "scores": {
      "mean": 0.74,
      "max": 6.0
    }
  },
  "episode_data": {
    "rewards": [
      -1.5000000000000142,
      4.6,
      20.900000000000055,
      -3.9000000000000057,
      4.4,
      13.5,
      2.600000000000001,
      4.799999999999999,
      3.0000000000000053,
      2.400000000000001,
      5.599999999999996,
      -5.300000000000001,
      16.699999999999992,
      -0.7999999999999972,
      -1.7000000000000135,
      0.6,
      6.999999999999991,
      4.000000000000002,
      8.600000000000001,
      7.799999999999988,
      0.6,
      3.4000000000000017,
      3.600000000000002,
      31.600000000000065,
      3.2000000000000015,
      -5.6,
      5.599999999999996,
      6.399999999999995,
      0.20000000000000004,
      -1.5000000000000142,
      4.6,
      16.20000000000001,
      2.400000000000001,
      0.4,
      31.000000000000075,
      7.300000000000001,
      20.500000000000014,
      -11.6,
      0.9999999999999999,
      16.099999999999994,
      -6.099999999999998,
      29.400000000000034,
      7.500000000000011,
      16.099999999999994,
      4.799999999999999,
      5.399999999999997,
      30.80000000000006,
      3.600000000000003,
      17.700000000000017,
      4.6,
      16.5,
      34.600000000000115,
      4.799999999999999,
      4.6,
      13.099999999999998,
      16.700000000000003,
      6.199999999999994,
      5.999999999999995,
      20.00000000000005,
      2.600000000000001,
      86.19999999999956,
      5.599999999999996,
      23.40000000000009,
      28.000000000000142,
      4.799999999999999,
      5.499999999999993,
      6.199999999999994,
      3.0000000000000013,
      25.39999999999999,
      45.900000000000134,
      18.50000000000002,
      17.400000000000034,
      2.0000000000000004,
      -11.0,
      18.00000000000002,
      4.000000000000002,
      5.499999999999993,
      4.399999999999999,
      0.20000000000000004,
      2.400000000000001,
      16.099999999999994,
      1.1000000000000032,
      4.200000000000001,
      4.799999999999999,
      3.8000000000000016,
      1.4000000000000001,
      9.499999999999993,
      15.29999999999999,
      16.700000000000003,
      -1.1000000000000156,
      29.200000000000035,
      14.499999999999995,
      14.299999999999969,
      6.799999999999992,
      4.4,
      9.400000000000041,
      45.70000000000015,
      16.299999999999997,
      6.799999999999992,
      0.6
    ],
    "lengths": [
      102,
      1000,
      1000,
      62,
      1000,
      1000,
      1000,
      1000,
      62,
      1000,
      1000,
      104,
      1000,
      18,
      104,
      1000,
      1000,
      1000,
      146,
      1000,
      1000,
      1000,
      1000,
      1000,
      1000,
      53,
      1000,
      78,
      1000,
      104,
      106,
      71,
      1000,
      1000,
      1000,
      81,
      156,
      43,
      1000,
      1000,
      122,
      1000,
      83,
      114,
      1000,
      1000,
      1000,
      78,
      1000,
      1000,
      1000,
      1000,
      1000,
      1000,
      1000,
      1000,
      1000,
      1000,
      135,
      1000,
      1000,
      1000,
      169,
      233,
      1000,
      87,
      1000,
      1000,
      1000,
      1000,
      98,
      85,
      1000,
      67,
      109,
      62,
      85,
      80,
      1000,
      1000,
      1000,
      41,
      1000,
      1000,
      1000,
      1000,
      97,
      1000,
      1000,
      102,
      1000,
      1000,
      152,
      1000,
      1000,
      114,
      1000,
      1000,
      1000,
      1000
    ],
    "scores": [
      0,
      0,
      1,
      0,
      0,
      1,
      0,
      0,
      1,
      0,
      0,
      0,
      1,
      1,
      0,
      0,
      0,
      0,
      1,
      0,
      0,
      0,
      0,
      2,
      0,
      0,
      0,
      1,
      0,
      0,
      1,
      2,
      0,
      0,
      2,
      1,
      2,
      0,
      0,
      1,
      0,
      2,
      1,
      2,
      0,
      0,
      2,
      1,
      1,
      0,
      1,
      2,
      0,
      0,
      1,
      1,
      0,
      0,
      2,
      0,
      6,
      0,
      2,
      2,
      0,
      1,
      0,
      0,
      2,
      3,
      2,
      2,
      0,
      0,
      2,
      1,
      1,
      1,
      0,
      0,
      1,
      1,
      0,
      0,
      0,
      0,
      1,
      1,
      1,
      0,
      2,
      1,
      2,
      0,
      0,
      1,
      3,
      1,
      0,
      0
    ],
    "timesteps": [
      102,
      1102,
      2102,
      2164,
      3164,
      4164,
      5164,
      6164,
      6226,
      7226,
      8226,
      8330,
      9330,
      9348,
      9452,
      10452,
      11452,
      12452,
      12598,
      13598,
      14598,
      15598,
      16598,
      17598,
      18598,
      18651,
      19651,
      19729,
      20729,
      20833,
      20939,
      21010,
      22010,
      23010,
      24010,
      24091,
      24247,
      24290,
      25290,
      26290,
      26412,
      27412,
      27495,
      27609,
      28609,
      29609,
      30609,
      30687,
      31687,
      32687,
      33687,
      34687,
      35687,
      36687,
      37687,
      38687,
      39687,
      40687,
      40822,
      41822,
      42822,
      43822,
      43991,
      44224,
      45224,
      45311,
      46311,
      47311,
      48311,
      49311,
      49409,
      49494,
      50494,
      50561,
      50670,
      50732,
      50817,
      50897,
      51897,
      52897,
      53897,
      53938,
      54938,
      55938,
      56938,
      57938,
      58035,
      59035,
      60035,
      60137,
      61137,
      62137,
      62289,
      63289,
      64289,
      64403,
      65403,
      66403,
      67403,
      68403
    ]
  }
}