{
  "env_name": "snake_pygame_v1",
  "timestamp": "2025-11-30T13:15:45.706070",
  "summary": {
    "env_name": "snake_pygame_v1",
    "total_episodes": 100,
    "total_timesteps": 61500,
    "training_duration_seconds": null,
    "rewards": {
      "mean": 10.320000000000014,
      "std": 13.850097472581226,
      "min": -9.8,
      "max": 60.400000000000034,
      "final_10_mean": 7.700000000000003
    },
    "lengths": {
      "mean": 615.0,
      "std": 444.9561101951517,
      "min": 13,
      "max": 1000
    },
    "scores": {
      "mean": 0.81,
      "max": 5.0
    }
  },
  "episode_data": {
    "rewards": [
      3.600000000000002,
      4.6,
      4.4,
      16.099999999999994,
      5.6999999999999815,
      0.7999999999999999,
      3.600000000000002,
      4.4,
      0.9000000000000128,
      -3.200000000000008,
      2.2000000000000006,
      6.999999999999991,
      2.800000000000001,
      26.299999999999997,
      14.699999999999994,
      0.9999999999999999,
      -9.2,
      12.500000000000085,
      6.399999999999974,
      2.600000000000001,
      2.400000000000001,
      6.199999999999994,
      17.90000000000002,
      12.899999999999977,
      5.599999999999996,
      -9.8,
      30.80000000000006,
      33.700000000000095,
      25.0,
      15.400000000000023,
      0.7999999999999999,
      6.899999999999995,
      45.50000000000012,
      5.39999999999999,
      21.70000000000003,
      0.4,
      25.200000000000003,
      23.900000000000063,
      49.500000000000185,
      26.800000000000132,
      4.999999999999998,
      6.799999999999992,
      16.7,
      13.5,
      5.499999999999993,
      5.299999999999997,
      -9.0,
      30.200000000000053,
      7.100000000000005,
      7.799999999999988,
      -8.6,
      -2.5000000000000107,
      18.9,
      3.2000000000000015,
      18.10000000000002,
      5.999999999999995,
      52.80000000000022,
      0.4,
      18.70000000000003,
      -6.199999999999998,
      3.2000000000000015,
      21.700000000000024,
      -9.0,
      -1.000000000000016,
      45.30000000000013,
      20.300000000000054,
      -6.899999999999999,
      0.4,
      16.099999999999994,
      4.000000000000002,
      6.600000000000001,
      20.500000000000057,
      1.8000000000000003,
      60.400000000000034,
      20.500000000000057,
      5.1999999999999975,
      17.90000000000002,
      0.9999999999999999,
      9.200000000000038,
      34.20000000000011,
      14.099999999999966,
      -0.6000000000000174,
      10.100000000000023,
      -8.1,
      5.999999999999995,
      2.600000000000001,
      -4.5000000000000036,
      9.89999999999998,
      4.200000000000001,
      6.799999999999992,
      32.40000000000004,
      7.0999999999999766,
      6.999999999999991,
      4.4,
      21.50000000000005,
      7.499999999999979,
      3.8000000000000016,
      -8.0,
      5.999999999999995,
      -4.700000000000003
    ],
    "lengths": [
      1000,
      1000,
      62,
      1000,
      83,
      1000,
      1000,
      1000,
      73,
      73,
      1000,
      1000,
      1000,
      101,
      1000,
      1000,
      13,
      151,
      116,
      1000,
      1000,
      1000,
      1000,
      60,
      1000,
      43,
      1000,
      209,
      1000,
      77,
      1000,
      89,
      1000,
      86,
      1000,
      1000,
      1000,
      1000,
      238,
      187,
      1000,
      1000,
      78,
      1000,
      87,
      81,
      79,
      1000,
      93,
      1000,
      43,
      80,
      124,
      1000,
      1000,
      1000,
      277,
      1000,
      1000,
      43,
      1000,
      162,
      13,
      95,
      1000,
      1000,
      86,
      1000,
      1000,
      1000,
      124,
      1000,
      1000,
      290,
      1000,
      1000,
      1000,
      1000,
      122,
      1000,
      90,
      95,
      123,
      88,
      1000,
      1000,
      104,
      101,
      1000,
      1000,
      1000,
      109,
      1000,
      1000,
      1000,
      105,
      1000,
      43,
      1000,
      104
    ],
    "scores": [
      0,
      0,
      1,
      1,
      1,
      0,
      0,
      0,
      1,
      0,
      0,
      0,
      0,
      3,
      1,
      0,
      0,
      1,
      1,
      0,
      0,
      0,
      1,
      2,
      0,
      0,
      2,
      3,
      2,
      2,
      0,
      1,
      3,
      1,
      1,
      0,
      2,
      1,
      4,
      2,
      0,
      0,
      2,
      1,
      1,
      1,
      0,
      2,
      1,
      0,
      0,
      0,
      2,
      0,
      1,
      0,
      4,
      0,
      1,
      0,
      0,
      2,
      0,
      0,
      3,
      1,
      0,
      0,
      1,
      0,
      1,
      1,
      0,
      5,
      1,
      0,
      1,
      0,
      1,
      2,
      2,
      0,
      1,
      0,
      0,
      0,
      0,
      1,
      0,
      0,
      2,
      1,
      0,
      0,
      1,
      1,
      0,
      0,
      0,
      0
    ],
    "timesteps": [
      1000,
      2000,
      2062,
      3062,
      3145,
      4145,
      5145,
      6145,
      6218,
      6291,
      7291,
      8291,
      9291,
      9392,
      10392,
      11392,
      11405,
      11556,
      11672,
      12672,
      13672,
      14672,
      15672,
      15732,
      16732,
      16775,
      17775,
      17984,
      18984,
      19061,
      20061,
      20150,
      21150,
      21236,
      22236,
      23236,
      24236,
      25236,
      25474,
      25661,
      26661,
      27661,
      27739,
      28739,
      28826,
      28907,
      28986,
      29986,
      30079,
      31079,
      31122,
      31202,
      31326,
      32326,
      33326,
      34326,
      34603,
      35603,
      36603,
      36646,
      37646,
      37808,
      37821,
      37916,
      38916,
      39916,
      40002,
      41002,
      42002,
      43002,
      43126,
      44126,
      45126,
      45416,
      46416,
      47416,
      48416,
      49416,
      49538,
      50538,
      50628,
      50723,
      50846,
      50934,
      51934,
      52934,
      53038,
      53139,
      54139,
      55139,
      56139,
      56248,
      57248,
      58248,
      59248,
      59353,
      60353,
      60396,
      61396,
      61500
    ]
  }
}