{
  "env_name": "snake_pygame",
  "timestamp": "2025-11-30T13:16:12.631952",
  "summary": {
    "env_name": "snake_pygame",
    "total_episodes": 100,
    "total_timesteps": 78275,
    "training_duration_seconds": null,
    "rewards": {
      "mean": 4.889999999999999,
      "std": 10.706582087669249,
      "min": -13.900000000000002,
      "max": 58.09999999999988,
      "final_10_mean": 4.340000000000002
    },
    "lengths": {
      "mean": 782.75,
      "std": 378.8735244115112,
      "min": 44,
      "max": 1000
    },
    "scores": {
      "mean": 0.34,
      "max": 5.0
    }
  },
  "episode_data": {
    "rewards": [
      7.599999999999989,
      4.200000000000001,
      0.9999999999999999,
      7.19999999999999,
      2.800000000000001,
      1.1999999999999997,
      8.199999999999987,
      -9.700000000000001,
      13.499999999999988,
      9.199999999999983,
      -9.9,
      3.200000000000001,
      3.0000000000000013,
      1.4000000000000006,
      1.7999999999999998,
      1.2,
      -11.5,
      3.200000000000001,
      7.799999999999988,
      4.899999999999999,
      52.00000000000011,
      4.4,
      6.799999999999992,
      58.09999999999988,
      26.400000000000006,
      1.7999999999999998,
      -0.19999999999999218,
      5.399999999999997,
      4.000000000000002,
      3.999999999999991,
      -0.6,
      5.399999999999997,
      3.4000000000000017,
      5.599999999999996,
      6.999999999999991,
      4.000000000000002,
      4.799999999999999,
      4.200000000000001,
      2.400000000000001,
      0.9999999999999997,
      4.4,
      4.4,
      -10.200000000000001,
      8.399999999999986,
      6.799999999999992,
      7.999999999999988,
      30.300000000000054,
      -10.8,
      2.600000000000001,
      4.000000000000002,
      4.799999999999999,
      3.4000000000000017,
      16.09999999999998,
      7.39999999999999,
      2.800000000000001,
      -11.700000000000001,
      0.9999999999999997,
      -12.900000000000002,
      4.000000000000002,
      8.799999999999985,
      3.8000000000000016,
      4.4,
      1.6,
      3.000000000000001,
      1.0000000000000002,
      -13.900000000000002,
      5.1999999999999975,
      8.599999999999985,
      6.399999999999993,
      -11.9,
      -1.8000000000000003,
      12.499999999999964,
      4.200000000000001,
      3.000000000000001,
      0.7999999999999997,
      -11.3,
      3.2000000000000015,
      -9.100000000000001,
      4.000000000000002,
      7.39999999999999,
      13.099999999999993,
      4.999999999999998,
      29.20000000000004,
      4.799999999999999,
      1.7999999999999998,
      3.552713678800501e-15,
      7.39999999999999,
      6.5999999999999925,
      4.200000000000001,
      30.60000000000006,
      4.000000000000002,
      4.200000000000001,
      5.399999999999997,
      7.20000000000001,
      7.300000000000011,
      2.800000000000006,
      -11.8,
      4.4,
      4.999999999999998,
      14.899999999999995
    ],
    "lengths": [
      1000,
      1000,
      1000,
      1000,
      1000,
      1000,
      1000,
      88,
      1000,
      1000,
      76,
      1000,
      1000,
      1000,
      1000,
      1000,
      62,
      1000,
      1000,
      53,
      382,
      1000,
      1000,
      279,
      1000,
      1000,
      94,
      1000,
      1000,
      208,
      1000,
      1000,
      1000,
      1000,
      1000,
      1000,
      168,
      1000,
      1000,
      1000,
      1000,
      1000,
      79,
      1000,
      1000,
      1000,
      343,
      77,
      1000,
      1000,
      1000,
      1000,
      1000,
      1000,
      1000,
      66,
      1000,
      112,
      1000,
      1000,
      1000,
      1000,
      1000,
      1000,
      1000,
      44,
      1000,
      1000,
      1000,
      66,
      1000,
      182,
      1000,
      1000,
      1000,
      72,
      1000,
      94,
      1000,
      1000,
      1000,
      1000,
      1000,
      1000,
      1000,
      98,
      1000,
      1000,
      1000,
      1000,
      1000,
      1000,
      1000,
      172,
      173,
      142,
      67,
      1000,
      1000,
      78
    ],
    "scores": [
      0,
      0,
      0,
      0,
      0,
      0,
      0,
      0,
      1,
      0,
      0,
      0,
      0,
      0,
      0,
      0,
      0,
      0,
      0,
      1,
      5,
      0,
      0,
      5,
      2,
      0,
      1,
      0,
      0,
      1,
      0,
      0,
      0,
      0,
      0,
      0,
      1,
      0,
      0,
      0,
      0,
      0,
      0,
      0,
      0,
      0,
      3,
      0,
      0,
      0,
      0,
      0,
      1,
      0,
      0,
      0,
      0,
      0,
      0,
      0,
      0,
      0,
      0,
      0,
      0,
      0,
      0,
      0,
      0,
      0,
      0,
      2,
      0,
      0,
      0,
      0,
      0,
      0,
      0,
      0,
      1,
      0,
      2,
      0,
      0,
      1,
      0,
      0,
      0,
      2,
      0,
      0,
      0,
      1,
      1,
      1,
      0,
      0,
      0,
      2
    ],
    "timesteps": [
      1000,
      2000,
      3000,
      4000,
      5000,
      6000,
      7000,
      7088,
      8088,
      9088,
      9164,
      10164,
      11164,
      12164,
      13164,
      14164,
      14226,
      15226,
      16226,
      16279,
      16661,
      17661,
      18661,
      18940,
      19940,
      20940,
      21034,
      22034,
      23034,
      23242,
      24242,
      25242,
      26242,
      27242,
      28242,
      29242,
      29410,
      30410,
      31410,
      32410,
      33410,
      34410,
      34489,
      35489,
      36489,
      37489,
      37832,
      37909,
      38909,
      39909,
      40909,
      41909,
      42909,
      43909,
      44909,
      44975,
      45975,
      46087,
      47087,
      48087,
      49087,
      50087,
      51087,
      52087,
      53087,
      53131,
      54131,
      55131,
      56131,
      56197,
      57197,
      57379,
      58379,
      59379,
      60379,
      60451,
      61451,
      61545,
      62545,
      63545,
      64545,
      65545,
      66545,
      67545,
      68545,
      68643,
      69643,
      70643,
      71643,
      72643,
      73643,
      74643,
      75643,
      75815,
      75988,
      76130,
      76197,
      77197,
      78197,
      78275
    ]
  }
}