{
  "env_name": "snake_pygame",
  "timestamp": "2025-11-30T00:51:11.425229",
  "summary": {
    "env_name": "snake_pygame",
    "total_episodes": 15,
    "total_timesteps": 940,
    "training_duration_seconds": null,
    "rewards": {
      "mean": -6.313333333333336,
      "std": 5.696416027253936,
      "min": -14.000000000000002,
      "max": 5.699999999999994,
      "final_10_mean": -5.4200000000000035
    },
    "lengths": {
      "mean": 62.666666666666664,
      "std": 13.45444990411062,
      "min": 45,
      "max": 86
    },
    "scores": {
      "mean": 0.13333333333333333,
      "max": 1.0
    }
  },
  "episode_data": {
    "rewards": [
      -14.000000000000002,
      -5.5,
      -4.5000000000000036,
      -3.9000000000000057,
      -12.600000000000001,
      -11.8,
      -13.200000000000001,
      -9.6,
      4.199999999999987,
      -5.100000000000001,
      5.699999999999994,
      -10.5,
      -3.500000000000007,
      -3.500000000000007,
      -6.899999999999999
    ],
    "lengths": [
      45,
      58,
      76,
      68,
      59,
      45,
      53,
      59,
      86,
      74,
      63,
      46,
      72,
      86,
      50
    ],
    "scores": [
      0,
      0,
      0,
      0,
      0,
      0,
      0,
      0,
      1,
      0,
      1,
      0,
      0,
      0,
      0
    ],
    "timesteps": [
      45,
      103,
      179,
      247,
      306,
      351,
      404,
      463,
      549,
      623,
      686,
      732,
      804,
      890,
      940
    ]
  }
}