{
  "env_name": "snake_pygame",
  "timestamp": "2025-11-30T01:57:01.304307",
  "summary": {
    "env_name": "snake_pygame",
    "total_episodes": 15,
    "total_timesteps": 997,
    "training_duration_seconds": null,
    "rewards": {
      "mean": -7.8000000000000025,
      "std": 3.2723080539582425,
      "min": -11.9,
      "max": -2.3000000000000114,
      "final_10_mean": -7.7600000000000025
    },
    "lengths": {
      "mean": 66.46666666666667,
      "std": 13.290932581609496,
      "min": 50,
      "max": 93
    },
    "scores": {
      "mean": 0.0,
      "max": 0.0
    }
  },
  "episode_data": {
    "rewards": [
      -11.6,
      -8.4,
      -11.4,
      -5.000000000000002,
      -3.000000000000009,
      -6.599999999999998,
      -10.9,
      -8.3,
      -2.3000000000000114,
      -10.0,
      -5.300000000000001,
      -11.9,
      -8.5,
      -3.000000000000009,
      -10.8
    ],
    "lengths": [
      59,
      63,
      71,
      65,
      93,
      51,
      58,
      64,
      84,
      55,
      86,
      50,
      60,
      83,
      55
    ],
    "scores": [
      0,
      0,
      0,
      0,
      0,
      0,
      0,
      0,
      0,
      0,
      0,
      0,
      0,
      0,
      0
    ],
    "timesteps": [
      59,
      122,
      193,
      258,
      351,
      402,
      460,
      524,
      608,
      663,
      749,
      799,
      859,
      942,
      997
    ]
  }
}